商品管理表,,
,name,url
,たまご蒸しパン,https://www.sej.co.jp/products/a/item/303213/
,ベルギーワッフル,https://www.sej.co.jp/products/a/item/322741/
,こしあんドーナツ,https://www.sej.co.jp/products/a/item/303745/
,タルタルフィッシュバーガー,https://www.sej.co.jp/products/a/item/303431/
,チョコチップクッキー,https://www.sej.co.jp/products/a/item/321625/
,エビマヨおにぎり,https://www.sej.co.jp/products/a/item/041802/
,ツナマヨおにぎり,https://www.sej.co.jp/products/a/item/041909/
,ピーナッツチョコ,https://www.sej.co.jp/products/a/item/321450/
,蒙古タンメン,https://www.sej.co.jp/products/a/item/341096/
,プリングルズうましお,https://www.sej.co.jp/products/a/item/330642/
,ジューシーハムサンド,https://www.sej.co.jp/products/a/item/053583/
,ツナ＆きゅうりサンド,https://www.sej.co.jp/products/a/item/053551/
